Workbook

Sheet Employee_Data
A1: Emp_ID | B1: Name | C1: Department | D1: Basic_Salary | E1: Bonus_% | F1: Joining_Date | G1: DOB | H1: Bonus Amount | I1: Total Salary
A2: E001 | B2: Employee_1 | C2: HR | D2: 3409 | E2: 15 | F2: 43008 | G2: 37223 | H2: =D2*E2/100 -> 511.35 | I2: =SUM(D2,H2) -> 3920.35 | L2: Department | M2: No. of Employees | N2: Average Salary | O2: Highest Salary
A3: E002 | B3: Employee_2 | C3: Finance | D3: 4679 | E3: 5 | F3: 44423 | G3: 38851 | H3: =D3*E3/100 -> 233.95 | I3: =SUM(D3,H3) -> 4912.95 | L3: Finance | M3: =COUNTIF(C:C,L3) -> 6 | N3: =AVERAGEIF(C:C,L3,I:I) -> 11245.975 | O3: =_xlfn.MAXIFS(I:I,C:C,L3) -> 17821.2
A4: E003 | B4: Employee_3 | C4: HR | D4: 3488 | E4: 5 | F4: 42900 | G4: 37300 | H4: =D4*E4/100 -> 174.4 | I4: =SUM(D4,H4) -> 3662.4 | L4: HR | M4: =COUNTIF(C:C,L4) -> 12 | N4: =AVERAGEIF(C:C,L4,I:I) -> 7918.5 | O4: =_xlfn.MAXIFS(I:I,C:C,L4) -> 16294.35
A5: E004 | B5: Employee_4 | C5: Marketing | D5: 12863 | E5: 5 | F5: 44303 | G5: 37023 | H5: =D5*E5/100 -> 643.15 | I5: =SUM(D5,H5) -> 13506.15 | L5: IT | M5: =COUNTIF(C:C,L5) -> 11 | N5: =AVERAGEIF(C:C,L5,I:I) -> 8163.9591 | O5: =_xlfn.MAXIFS(I:I,C:C,L5) -> 16752
A6: E005 | B6: Employee_5 | C6: Marketing | D6: 9873 | E6: 10 | F6: 43844 | G6: 40222 | H6: =D6*E6/100 -> 987.3 | I6: =SUM(D6,H6) -> 10860.3 | L6: Marketing | M6: =COUNTIF(C:C,L6) -> 8 | N6: =AVERAGEIF(C:C,L6,I:I) -> 9865.8812 | O6: =_xlfn.MAXIFS(I:I,C:C,L6) -> 13604.5
A7: E006 | B7: Employee_6 | C7: IT | D7: 3106 | E7: 10 | F7: 44864 | G7: 38857 | H7: =D7*E7/100 -> 310.6 | I7: =SUM(D7,H7) -> 3416.6 | L7: Sales | M7: =COUNTIF(C:C,L7) -> 13 | N7: =AVERAGEIF(C:C,L7,I:I) -> 9775.2115 | O7: =_xlfn.MAXIFS(I:I,C:C,L7) -> 16104.6
A8: E007 | B8: Employee_7 | C8: IT | D8: 7552 | E8: 10 | F8: 42886 | G8: 41649 | H8: =D8*E8/100 -> 755.2 | I8: =SUM(D8,H8) -> 8307.2
A9: E008 | B9: Employee_8 | C9: IT | D9: 4674 | E9: 5 | F9: 43561 | G9: 36187 | H9: =D9*E9/100 -> 233.7 | I9: =SUM(D9,H9) -> 4907.7
A10: E009 | B10: Employee_9 | C10: IT | D10: 8635 | E10: 15 | F10: 45310 | G10: 35750 | H10: =D10*E10/100 -> 1295.25 | I10: =SUM(D10,H10) -> 9930.25
A11: E010 | B11: Employee_10 | C11: Sales | D11: 11785 | E11: 5 | F11: 43555 | G11: 36040 | H11: =D11*E11/100 -> 589.25 | I11: =SUM(D11,H11) -> 12374.25
A12: E011 | B12: Employee_11 | C12: Marketing | D12: 7803 | E12: 15 | F12: 44369 | G12: 36970 | H12: =D12*E12/100 -> 1170.45 | I12: =SUM(D12,H12) -> 8973.45
A13: E012 | B13: Employee_12 | C13: HR | D13: 3750 | E13: 10 | F13: 45171 | G13: 37765 | H13: =D13*E13/100 -> 375 | I13: =SUM(D13,H13) -> 4125
A14: E013 | B14: Employee_13 | C14: HR | D14: 6814 | E14: 5 | F14: 43561 | G14: 37672 | H14: =D14*E14/100 -> 340.7 | I14: =SUM(D14,H14) -> 7154.7
A15: E014 | B15: Employee_14 | C15: Sales | D15: 13415 | E15: 15 | F15: 42671 | G15: 38427 | H15: =D15*E15/100 -> 2012.25 | I15: =SUM(D15,H15) -> 15427.25
A16: E015 | B16: Employee_15 | C16: IT | D16: 6432 | E16: 15 | F16: 44879 | G16: 40994 | H16: =D16*E16/100 -> 964.8 | I16: =SUM(D16,H16) -> 7396.8
A17: E016 | B17: Employee_16 | C17: HR | D17: 12980 | E17: 10 | F17: 44192 | G17: 41368 | H17: =D17*E17/100 -> 1298 | I17: =SUM(D17,H17) -> 14278
A18: E017 | B18: Employee_17 | C18: Finance | D18: 5677 | E18: 20 | F18: 43559 | G18: 37606 | H18: =D18*E18/100 -> 1135.4 | I18: =SUM(D18,H18) -> 6812.4
A19: E018 | B19: Employee_18 | C19: Marketing | D19: 6598 | E19: 15 | F19: 45457 | G19: 41689 | H19: =D19*E19/100 -> 989.7 | I19: =SUM(D19,H19) -> 7587.7
... A51: E050 | B51: Employee_50 | C51: HR | D51: 14032 | E51: 5 | F51: 42253 | G51: 38693 | H51: =D51*E51/100 -> 701.6 | I51: =SUM(D51,H51) -> 14733.6

Sheet Day1_Practice
A1: Emp_ID | B1: Name | C1: Department | D1: Project | E1: Hours_Worked | F1: Hourly_Rate | G1: Total_Pay | H1: City | I1: Joining_Date
A2: E001 | B2: Aisha | C2: HR | D2: HRMS | E2: 160 | F2: 25 | G2: 4000 | H2: Dubai | I2: =E2*F2 -> 4000
A3: E002 | B3: Bilal | C3: IT | D3: ERP | E3: 180 | F3: 30 | G3: 5400 | H3: Riyadh | I3: =E3*F3 -> 5400
A4: E003 | B4: Nisa | C4: Finance | D4: Payroll | E4: 150 | F4: 28 | G4: 4200 | H4: Jeddah | I4: =E4*F4 -> 4200
A5: E004 | B5: Imran | C5: IT | D5: WebApp | E5: 170 | F5: 35 | G5: 5950 | H5: Dubai | I5: =E5*F5 -> 5950
A6: E005 | B6: Sara | C6: Admin | D6: OfficeMgmt | E6: 155 | F6: 22 | G6: 3410 | H6: Riyadh | I6: =E6*F6 -> 3410

Sheet Day2_Practice
A1: Formula Type | B1: Example | C1: Description | E1: Name | F1: Hourly Rate | G1: Department | H1: Project | I1: Overtime
A2: VLOOKUP | B2: =VLOOKUP("Nisa",Day1_Practice!B2:H6,5,FALSE) -> 28 | C2: Find Hourly Rate of Nisa | E2: Aisha | F2: =VLOOKUP(E2,Day1_Practice!B:F,5,0) -> 25 | G2: =_xlfn.XLOOKUP(E2,Day1_Practice!B2:B6,Day1_Practice!C2:C6) -> HR | H2: =INDEX(Day1_Practice!D:D,MATCH(Day2_Practice!E2,Day1_Practice!B:B,0)) -> HRMS | I2: =IF(Day1_Practice!E2>160,"Overtime","Normal") -> Normal
A3: HLOOKUP | B3: =HLOOKUP("Total_Pay",Day1_Practice!A1:H6,4,FALSE) -> 4200 | C3: Find total pay using header lookup | E3: Bilal | F3: =VLOOKUP(E3,Day1_Practice!B:F,5,0) -> 30 | G3: =_xlfn.XLOOKUP(E3,Day1_Practice!B3:B7,Day1_Practice!C3:C7) -> IT | H3: =INDEX(Day1_Practice!D:D,MATCH(Day2_Practice!E3,Day1_Practice!B:B,0)) -> ERP | I3: =IF(Day1_Practice!E3>160,"Overtime","Normal") -> Overtime
A4: XLOOKUP | B4: =_xlfn.XLOOKUP("Imran",Day1_Practice!B2:B6,Employee_Data!C2:C6) -> Marketing | C4: Find Department of Imran | E4: Nisa | F4: =VLOOKUP(E4,Day1_Practice!B:F,5,0) -> 28 | G4: =_xlfn.XLOOKUP(E4,Day1_Practice!B4:B8,Day1_Practice!C4:C8) -> Finance | H4: =INDEX(Day1_Practice!D:D,MATCH(Day2_Practice!E4,Day1_Practice!B:B,0)) -> Payroll | I4: =IF(Day1_Practice!E4>160,"Overtime","Normal") -> Normal
A5: INDEX + MATCH | B5: =INDEX(Day1_Practice!D2:D6,MATCH("Sara",Day1_Practice!B2:B6,0)) -> OfficeMgmt | C5: Find Project of Sara | E5: Imran | F5: =VLOOKUP(E5,Day1_Practice!B:F,5,0) -> 35 | G5: =_xlfn.XLOOKUP(E5,Day1_Practice!B5:B9,Day1_Practice!C5:C9) -> IT | H5: =INDEX(Day1_Practice!D:D,MATCH(Day2_Practice!E5,Day1_Practice!B:B,0)) -> WebApp | I5: =IF(Day1_Practice!E5>160,"Overtime","Normal") -> Overtime
A6: SUMIFS | B6: =SUMIFS(Day1_Practice!G2:G6,Day1_Practice!H2:H6,"Dubai") -> 9950 | C6: Total Pay of employees in Dubai | E6: Sara | F6: =VLOOKUP(E6,Day1_Practice!B:F,5,0) -> 22 | G6: =_xlfn.XLOOKUP(E6,Day1_Practice!B6:B10,Day1_Practice!C6:C10) -> Admin | H6: =INDEX(Day1_Practice!D:D,MATCH(Day2_Practice!E6,Day1_Practice!B:B,0)) -> OfficeMgmt | I6: =IF(Day1_Practice!E6>160,"Overtime","Normal") -> Normal
A7: IF | B7: =IF(Day1_Practice!E2>160,"Overtime","Normal") -> Normal | C7: Check if employee worked more than 160 hours
E8: Total Pay of employees in Dubai | F8: =SUMIFS(Day1_Practice!G2:G6,Day1_Practice!H2:H6,"Dubai") -> 9950

Sheet Day3_Practice
A1: Instructions
A2: Practice tasks for Day 3

Sheet Day4_Practice
A1: Instructions
A2: Practice tasks for Day 4

Sheet Day5_Practice
A1: Instructions
A2: Practice tasks for Day 5

Sheet Day6_Practice
A1: Instructions
A2: Practice tasks for Day 6

Sheet Day7_Practice
A1: Instructions
A2: Practice tasks for Day 7
